x_0,y_0,x_1,y_1,x_2,y_2,x_3,y_3,x_4,y_4
0.7808405773192695,0.21807545557716812,0.4126306628427221,0.2083034868847622,0.5821407961346413,0.13998461321932776,0.6325044550935763,0.12493146994888814,0.7744612663000667,0.16046972134577714
0.4133302219159775,0.19987578606230838,0.37924675234747796,0.22048157191911155,0.4920300334297099,0.13977443808685214,0.4883267046551671,0.1856314484101635,0.4129096684734876,0.22976636566312708
0.47412580199784915,0.17918111502753,0.28682178349670945,0.16493669325691102,0.22045253503044046,0.16614038669092362,0.5529666023493115,0.28523163025762255,0.7456063027670898,0.2814660296442052
0.34881090735069475,0.26560764824401506,0.2622539445423125,0.25183480594725816,0.25589036358827555,0.11610953453660039,0.22353479306586654,0.27823377412898226,0.6591145626195927,0.27848130176362296
0.7962663828792864,0.25026325048988685,0.4149698467538106,0.18825772443820088,0.3955535954215875,0.19808501607522427,0.3284366916779521,0.1022914348582431,0.2725850132921551,0.27779607824410824
0.6435370622479335,0.18918097282388502,0.6943214329399688,0.29569912502459117,0.591668858958725,0.16013564744708417,0.30591115353996134,0.10238755360615424,0.6974778952187506,0.17090757777950155
0.5818485651932835,0.15852387770173923,0.6584845489882027,0.1342729604992265,0.3282783836185168,0.18805202196126525,0.2520585232205966,0.2471320656609118,0.5978851090116774,0.2768148770353036
0.5159200072471583,0.1565171120771477,0.5669182402031121,0.29376849398545785,0.7828657057787687,0.2402441770261145,0.5403863639318798,0.11080881885249988,0.6476031331835594,0.17840967361146365
0.7055392393305453,0.2999985737016725,0.4748901586672297,0.25929903386002234,0.6440444006313206,0.1990878557636959,0.35420256767213465,0.10135033220179829,0.21987748001639296,0.23172362403040755
0.5188698529191813,0.1685136808859286,0.6553136655850815,0.15158994543687937,0.5620131570624967,0.16873921761248414,0.6791477300315917,0.24723087649659284,0.5981879431843147,0.28376808850779234
0.4507044997445824,0.2154537061218007,0.7694975219222384,0.28151145496250285,0.2807326076599794,0.2949881997324876,0.33870595037045015,0.1750781580290035,0.41566830182295533,0.18345389903574816
0.37873906113201977,0.27464436592152885,0.5826018991980487,0.258197329686795,0.4049816273065505,0.26135505155511907,0.5478327131491108,0.17782265866026797,0.4155061928370312,0.11150377246902897
0.40325949660760885,0.24298435460188955,0.7059621581047644,0.23880654455801767,0.365886854345263,0.1323097986824236,0.43215503610035577,0.18916880659671548,0.2026368623120426,0.23483515657906084
0.7598259948967168,0.15373255649968362,0.36837469834146086,0.23711710922974796,0.20518584385540142,0.26459564088491017,0.7000476271190432,0.28272566403043353,0.7475303375159232,0.2989198076367466
0.32545473203149955,0.10010040713927888,0.5761658387710167,0.1733366761526993,0.32816661536796243,0.25839832710495525,0.30101160088935497,0.17376041288557784,0.4224936040276629,0.17086616336603905
0.6793591219582786,0.19892512615475128,0.545020105560966,0.14565175384945667,0.6662873032620746,0.12388246133476875,0.24318838510962165,0.11243157204057248,0.5905481041009368,0.18789016586913115
0.4513492164727658,0.21779311759795422,0.5883299846050761,0.22841442682664226,0.7609859018431142,0.22538889129999876,0.3600681637571581,0.12253134619165218,0.2533444948234261,0.19585952220218872
0.6962084332478243,0.24151780980012058,0.2899497503893728,0.26605903228383854,0.3013271644987289,0.25800519838616787,0.31125210624702243,0.11144878162928712,0.41186459556038624,0.21226021955863222
0.32799990967758724,0.2056595157895182,0.6676233921617134,0.2417664795942094,0.5546187237868216,0.23233959508112415,0.6116342273387496,0.272908874102714,0.5615700822720913,0.2933005064993466
0.4159765385799079,0.12435911150995196,0.7506196840646149,0.12659137624658445,0.27751073484156713,0.2492207617014801,0.5567160795679216,0.15917360766854768,0.29304755891031004,0.1833813106257377
0.4758227170449651,0.14631804786697614,0.27515825076160105,0.154551714085303,0.2660343585503304,0.1899417410275177,0.2545311528870181,0.2093210670394932,0.6098353082204959,0.22454400962263663
0.5008066763325177,0.14932956333127212,0.7205945719227131,0.21725755814297398,0.6515426946631332,0.28197049172901767,0.714677668821865,0.2997499981241869,0.3729973411496642,0.2903449134064768
0.21730616311714313,0.11197474276442299,0.48214645390561833,0.22002410297677255,0.7933747354139091,0.18066970098907043,0.783848812757401,0.2793972411644362,0.2466170369219574,0.2408988695039079
0.5318620782353556,0.11577762294379733,0.21299706812778477,0.15938115956693458,0.542636657061214,0.18902665496802462,0.2554769365088736,0.2754074750124027,0.7785557915051651,0.13370847357643229
0.5333541537181583,0.10680934235796409,0.2192906135658097,0.27880714708878007,0.599319913513911,0.2792518883673807,0.6098973736918532,0.27861180219932824,0.632568386641331,0.16256508807479744
0.26080398593361437,0.14373931793457545,0.47309173895530304,0.21157867765144062,0.5254232046779547,0.24821036157877766,0.48441668170541735,0.13092277953561576,0.3126273274833785,0.1564327542463399
0.48556429660051004,0.18834268750948108,0.23109456161554995,0.1272820996306798,0.6627343495932905,0.1597716675820901,0.6286547616007867,0.24008366463937875,0.4744835613775147,0.208671134858467
0.62647406111025,0.2429488868031303,0.27176318134253086,0.22348302964901767,0.37351287144081696,0.15934484824905576,0.4495305388005284,0.2003279565931344,0.6924557566125463,0.22608557090631182
0.7378629778079535,0.2970691191810471,0.7744435069227058,0.2275655430899631,0.3157190529411943,0.11401980218994699,0.2591076826483014,0.22077213393435874,0.4697759019736431,0.21527039459730576
0.31553050492398627,0.2574446027654256,0.49409170566879584,0.13350282226679952,0.20176232797449245,0.25484695321721407,0.46187487043160286,0.26315653432818586,0.6693759028628883,0.2295152550515215
0.77896945536519,0.19487127429517592,0.5732982764307384,0.18282907899096795,0.2688939278224477,0.2289776491423635,0.22673906629428225,0.12302710573424563,0.6211803918773064,0.12535745504662077
0.7171014415159027,0.1446213915955107,0.3652481692134646,0.2437282711842653,0.49617786353414584,0.21142741289173617,0.6035576349772026,0.20961094390063872,0.579392954002856,0.27039643641004074
0.44694206151551047,0.13446524382492092,0.31745470974304557,0.20305902045724072,0.43160883854350796,0.21115876664134908,0.5937774891146124,0.22360076484805674,0.7656725010860377,0.24266829552493538
0.446598469099989,0.2744871411965323,0.5464513049631333,0.2729152662748561,0.487767974513774,0.299134729602352,0.27288338693517805,0.29140011389771225,0.23660916680811303,0.2613581455912327
0.6018208768298787,0.2368104150522424,0.494483952241143,0.14366929688997782,0.2920179422041453,0.2988337977521571,0.7966249026602987,0.25134523624028277,0.5973551680288032,0.1698180013300264
0.47501934117241373,0.13215995925782426,0.6515287363157451,0.1843083778430435,0.5770623879941026,0.28077919772780724,0.25191002621985686,0.2711528191229381,0.511195328254847,0.15216448079509934
0.21353686395396806,0.1247591972727159,0.5652150354215576,0.13757695377937004,0.6780794390421514,0.2540077874861567,0.6245490934775715,0.24948474807647406,0.5422424462376818,0.24331468488824456
0.20036797943176665,0.16043193845095435,0.3269533641268907,0.2670265087649085,0.5870703002902576,0.19800178259573928,0.7325795686842451,0.13681106426814155,0.6312365186808506,0.10527750886422518
0.690696223234898,0.15272359203965277,0.5536081998618216,0.2082818805301284,0.3432196437220318,0.2200327447646045,0.2004464460629769,0.15708027147034645,0.6997420108724475,0.14338119107875197
0.5010514733798404,0.19141274776645145,0.5815648611508355,0.1865025409394043,0.7353560288135448,0.28023625111407335,0.4682393161900054,0.23427474653461278,0.4673748092758967,0.15561827011997426
0.5954195370494351,0.29677741062989205,0.7325191164621356,0.13828086953413715,0.49282958052836157,0.1935325385596822,0.50188066930993,0.19022939657145466,0.3673509016168709,0.22659055779281015
0.5183515774700691,0.10913664174269695,0.3464907967323015,0.11067367384228773,0.4593854741677328,0.17575078549077777,0.6228750511951809,0.15909944272564655,0.44423947668759844,0.12579544432432727
0.36108772591342475,0.26989219775665546,0.6554430231145607,0.22161329450398257,0.7389952739542027,0.1598445818953748,0.6977754365067205,0.19608882981818743,0.6078606745006969,0.2846037757133921
0.6149122603878932,0.10044607230025829,0.30727569378892594,0.11193677777770608,0.32072750960848856,0.23404859715646611,0.26123771408082724,0.29572777958181995,0.6672223969479634,0.15136829435482696
0.610162116503608,0.10524125674819623,0.7890289782202324,0.16998229750803145,0.6950575666046426,0.2179756550151264,0.27222177275885423,0.15281906325823252,0.45187910469333925,0.1591514123591988
0.581986702211839,0.22179249847808102,0.2910724056810288,0.1305965558272195,0.36130325596216983,0.1855557535566351,0.7687270715190306,0.27143644056761784,0.7045942050476439,0.23809830313494615
0.4175920486488916,0.27498077830480616,0.24285416421689507,0.11939077822757885,0.33715907098159115,0.1678411674964999,0.6735660142899456,0.12093656222989024,0.7214166622940914,0.11667677981916558
0.5444921550630457,0.27646910581373374,0.2879981618763097,0.1572258594574493,0.45109238815538416,0.17137715917451318,0.5367900432288425,0.188577397954112,0.7470132488199528,0.24268322640582923
0.24728370612987094,0.1304358774194611,0.7526746919812657,0.2506871303470793,0.5711052511727513,0.16310313574413784,0.5418548247736994,0.1753550970013858,0.7086905313107394,0.2308124393870254
0.6482816348720498,0.11536170686948832,0.7435682798872554,0.22604391805870694,0.4181637584704816,0.2975437520489924,0.5439204919112588,0.25448618996424266,0.2755975856547173,0.11146494000201179
0.6382635860080181,0.14084045409699678,0.26788107065391875,0.21273119480191716,0.6739595929893939,0.10096350315565139,0.7322160727553877,0.17031769515258463,0.7853627131414145,0.28441126990912674
0.6772599711639806,0.1411827911509302,0.5301730098479114,0.13315587974745205,0.22138217809753266,0.1919187695657404,0.5398436340892333,0.26445509776784404,0.4231692927956332,0.1861142019256018
0.7451112822675752,0.19749662898593312,0.7533087462769763,0.12666555126954682,0.7502752278700331,0.1409253981945433,0.6611999576453722,0.14069798551128232,0.3358650841924985,0.25525456379269196
0.2273092070818149,0.1094899720690028,0.7909846383872214,0.11304788067852108,0.6195965628276026,0.25696480412837386,0.5967579617337243,0.14027447260012005,0.5298280030673777,0.2848140107309384
0.7570346522513358,0.23761116533153961,0.4875940846813805,0.24128591161766952,0.32428973960548285,0.2935089805380856,0.23552746055634266,0.29835687738580496,0.5955613768011425,0.10723201776982497
0.752982773147288,0.289742798505522,0.6220420343717019,0.26541295571123713,0.25665516780667785,0.26297908914029555,0.7174340093890241,0.13320375764763784,0.6646413674350835,0.2606796799933903
0.5110161802710409,0.17775810048605695,0.3814372639760734,0.23980709451103768,0.4193688487816317,0.28052959268358524,0.6203986162745562,0.22183569153965066,0.5183949993969621,0.11941214312298212
0.3019675027539969,0.19206585876359894,0.7370894933433105,0.2715701500563411,0.29825471473870035,0.281583887266907,0.2039102497161414,0.25762867655023075,0.4288016860162209,0.2705581433956218
0.6839509425986765,0.2439344747257268,0.6481766588410114,0.2874053828564634,0.39910458226832723,0.1308581320441168,0.44102119361407766,0.11812478173178353,0.6808813470857566,0.24723350762674645
0.29714298090320457,0.2572867908210303,0.36485690627705747,0.2742989975672264,0.259251951122646,0.21206167994729297,0.38695406594901643,0.12536323728605497,0.3702826016073285,0.2842858081343149
0.7100974540668779,0.20928187038498935,0.604644192921776,0.2614137654141906,0.5936984333084585,0.20785567160068025,0.5745538968182033,0.29718847059715237,0.7204631219143294,0.2421594217086631
0.21210275755156605,0.13431827054939577,0.5562757737122787,0.2631969573154895,0.7777821138739065,0.17628657829680955,0.6061724785247486,0.13329806586353635,0.21433483713884716,0.11351756620000429
0.4472859930666154,0.23320892408331548,0.612156230215822,0.23456914599098677,0.5301750722780229,0.19026882434540282,0.4021387542674979,0.2090108578269239,0.2291051148458668,0.2917562695788529
0.3689424731388301,0.1326050051662544,0.31582401010398664,0.1701851871287058,0.6043847907123682,0.170712150683542,0.22888651280836525,0.22683062956998398,0.35556150235590883,0.10739937629140557
0.5043572745804124,0.2610640090745152,0.7601453228533455,0.25319295027428557,0.4401420516575384,0.2942071301470008,0.20948917582415233,0.19115440302922027,0.6695501876196388,0.22411302847864098
0.3955002103167944,0.29877059521032845,0.7613922073674073,0.10234351850481005,0.2275799563234867,0.14541675374536553,0.6973495124708439,0.11376144609410024,0.5066207204400893,0.19795592027951148
0.3400012648015621,0.16782849441337855,0.31049797288418535,0.15702644954629327,0.3351363687956931,0.14934762888371925,0.7916967415242886,0.17571637256374278,0.2886569689176475,0.25368191711673915
0.5534373455879937,0.2802918811938765,0.5519825126707996,0.2755193073721802,0.527170287272632,0.19965830610318253,0.40011436207561646,0.12155441163876926,0.6898035757138892,0.1691475492572234
0.6873424648978539,0.21929169305162355,0.6145133773562554,0.15219321975514527,0.6916897417516215,0.24395266882361247,0.7473746592097652,0.2516855287679529,0.7777003528186304,0.21340405371833934
0.791760147412143,0.27930531686610854,0.7306175903784218,0.23709072128327174,0.5952463577070006,0.19470360400442072,0.2100999509742316,0.23301959167999634,0.44762274416111114,0.27672607370089897
0.5529385914977678,0.2223593287663178,0.49487491803329275,0.14240436635654563,0.7016953765011924,0.2631620760518159,0.4928679390238891,0.2940463809995709,0.22685293593404587,0.29235484431783987
0.6467048393421619,0.28072049266757965,0.2029851272720656,0.15578185029622715,0.7985596801917312,0.16529673449743587,0.5893837687477939,0.24159042887285045,0.28391330753287347,0.17498863315037788
0.6909086118602938,0.11369147180266376,0.669085042081589,0.13354864443308645,0.503640301043229,0.1889780986595404,0.22922913631789596,0.1352254722965263,0.7087583314045514,0.27609433828106633
0.6237259847282608,0.25086383905429954,0.6472421229102083,0.13120654075806745,0.48249952339950425,0.16261134279177708,0.6026526850818039,0.215513821440942,0.2702684615235352,0.2972748315404706
0.2771840859556565,0.1013196291155058,0.37507648353030665,0.2534829116914738,0.4391342717110753,0.15136184439585698,0.6913691204215521,0.2398930914687301,0.615573003457538,0.13077182214488836
0.7617368763301973,0.20974488592064866,0.620455796332793,0.2370628361929925,0.5008499892261546,0.21188035499546198,0.3910196966379369,0.14538268494733647,0.7673790153128415,0.11305295942068438
0.6065832814396499,0.20337970630786967,0.5253704740513698,0.2845854334458362,0.27924876368092516,0.20888637543118938,0.7201150851260694,0.1388571352641435,0.7803424018545329,0.19363348707307892
0.7039440957151046,0.17768729268384806,0.5611764597009093,0.2938154964835571,0.23689150056443514,0.21059343362542438,0.31468359530427176,0.14780696713738647,0.3329521398271674,0.22651223571064383
0.35523534070125273,0.10495574389420362,0.6098870600754678,0.17751493804957688,0.7531480615526551,0.15175446840624712,0.48210174419531265,0.23100397837249467,0.4002079128979624,0.1669326953999781
0.39001693428148737,0.21273067054983918,0.2931694040592926,0.24187587230395002,0.3660784876588415,0.21603061691567,0.42499214722892387,0.1112342417172396,0.40831750676321305,0.16861907126195347
0.7154421530525177,0.2898929929206576,0.24806899328353108,0.26938665832516073,0.29665527392160007,0.15623243602492837,0.6128652581153091,0.16504553000527816,0.632526901326343,0.12044305418333295
0.6561001056763658,0.17294569883137023,0.21301396880682896,0.12245685164822845,0.23067416944900682,0.13790321575642656,0.2207554159481483,0.21525472509937826,0.42214056708033193,0.17952951460247443
0.27447397825285574,0.2745230385103554,0.3518929693376417,0.221095888134395,0.2590403554895462,0.10422710755533432,0.48027235061009604,0.26598172079471905,0.2984834975422022,0.2725951402213651
0.4920658914160497,0.2016414700263126,0.70065674221625,0.17842930025196124,0.7361644469715323,0.2809774518871697,0.6318936112119642,0.2026620096027477,0.3632662415521032,0.2327867166506911
0.7014392741413689,0.27117821560323063,0.2503030758030767,0.18377489161557253,0.2187496730739048,0.21835734134442325,0.20970712571123573,0.14026128581099864,0.5011070774694582,0.1734216776856776
0.6298740452329628,0.22290846483815002,0.5378776780634438,0.20652040781929934,0.6339581631412439,0.11742911042168461,0.4608122861830158,0.22709894493979682,0.2910137732122346,0.27975170787066794
0.2458761545102203,0.23736003332174593,0.5032914748113733,0.20338714013709755,0.7531422182031922,0.20053746053414165,0.4509314580096342,0.22116564384176135,0.5229370418866058,0.2771055278993132
0.4313596686037259,0.2570799239637581,0.3107093957299739,0.16016357480949003,0.4539330683813718,0.13883059494215083,0.4242547224651576,0.19982293107510926,0.5959026676359263,0.20004502416971476
0.4254097443910636,0.2005709421776739,0.6146294369088522,0.21539552379079213,0.6814578415605228,0.24129680311096427,0.4202297984449399,0.2869275541976738,0.2914591883545904,0.15374248412372024
0.6184154797843597,0.22122209750145522,0.48224469324949054,0.1123904031843928,0.4053068392956014,0.13741658612887608,0.424520980592918,0.2123840635386713,0.6610726701236986,0.24394333760632542
0.4539195473611988,0.15534793091290625,0.30740602639471537,0.1559947758341653,0.740982438039617,0.10198469200312815,0.545315048580661,0.19090965469491772,0.3845295318439571,0.19636352173852434
0.22398454042860733,0.13681959831413912,0.6640485770008886,0.16547050291486315,0.6952646421446571,0.10558072244544286,0.7768705086739689,0.19668572896166792,0.2791154537806764,0.2532594872390139
0.20245290330676055,0.20552630843244984,0.5237305890457375,0.2986380541912237,0.3391866000904167,0.21355472562792538,0.601937907670864,0.24594403906226184,0.6947095651353294,0.16982222683999618
0.4663728793124181,0.21409821105223426,0.3090806303962972,0.17828030799909728,0.5577666955326519,0.20654482457000034,0.24813259163210657,0.12191805703747033,0.2434150681017264,0.22612958688044307
0.7439298918539379,0.27612642482373423,0.7898023937348249,0.1563867264177721,0.44298470342357094,0.18613896669222846,0.725636229121396,0.20618871474545925,0.2253807759852233,0.17391499997393028
0.6728345993619627,0.10229254898171858,0.5477063767723275,0.2380112133745879,0.5428455587403315,0.19282131874009198,0.2102123510931976,0.2885451604972516,0.26920358373188163,0.17045943248143847
0.7362240734429697,0.13336185221887087,0.3679027007254322,0.17463459931589265,0.6295294939311216,0.102666638485442,0.2521234016227028,0.10178018683831519,0.23295130882584222,0.24882081396696523
0.3972922073592823,0.23044158948033436,0.5871652656611132,0.10283394550744629,0.6341434324128892,0.29665696184273205,0.4566832063664221,0.223680206747928,0.5079015280274204,0.20847102659478173
0.23030347591955652,0.10251347046210219,0.28357972896324796,0.2602182631411822,0.6564298566656911,0.28627717336032477,0.4963574832409884,0.21701980710545354,0.7017010110386135,0.12190462532397128
0.5586369586834536,0.18854463595477516,0.765416087900721,0.12713404143270743,0.6661643066114376,0.14995169342862286,0.6997431059022177,0.11304834784246087,0.2859168973856592,0.2638078203377466
0.32375333340669976,0.25600907365476555,0.38054322019132236,0.12511724792748008,0.3107192443812167,0.27731211450366655,0.5400873091286972,0.27190058619816915,0.6894630353287153,0.15147760774859614
0.7850830300606193,0.18822382608119725,0.5214427992265438,0.26110327275057776,0.25037272071751354,0.24934252061541165,0.3951960100860588,0.21284915733593884,0.7001428138944734,0.20936039258363512
0.7408327819083986,0.2020199333530592,0.7223835167980255,0.29217591845841184,0.3007757218815287,0.23751143692174637,0.31133370697839413,0.17980630266127084,0.5631605179132222,0.10145804731040318
0.21713940969270662,0.10279159184672824,0.2988943588323246,0.16455107292063345,0.6517586158209918,0.264241586512884,0.47485481318972583,0.18292393447787086,0.4678374538640442,0.1811282241331189
0.3637859554851042,0.29559620916552987,0.4785269456284012,0.14314135295230124,0.6220153323361912,0.2051265545417904,0.7107259751342854,0.139294539448149,0.3822475800300967,0.1434442251321434
0.36957286438455683,0.168976073134141,0.6411201850542061,0.20648748134582973,0.5158147868657035,0.20959218743857616,0.27297305938651023,0.28503750243787884,0.25267660601945735,0.198604973976798
0.7384485945690529,0.1515273145748917,0.24781786520241111,0.1657350920853002,0.24571061906027383,0.22329413553117244,0.48740694695279213,0.2977826446845577,0.4501275376172952,0.2459996678360184
0.5746279032035906,0.15724103828072808,0.5379966280887107,0.2062367011389441,0.4603012498618667,0.2701861768701156,0.44383500404425613,0.14386982378539465,0.2796141461103151,0.10840933936633962
0.4175522300372201,0.16481878489655352,0.3339103509148131,0.11936811651290509,0.6848126041551899,0.16173734704275072,0.6743709859161666,0.2696810998229032,0.3284053713739497,0.2885401096431539
0.2476822372989151,0.13979724182357553,0.6149524436078717,0.2559174878899537,0.799774125678647,0.2582375520795168,0.7759238128546593,0.2944972460441209,0.3259296707279153,0.2384343948897366
0.7286575808664388,0.14881552141079774,0.2600109087094435,0.23387274884494594,0.6872859834846918,0.20039163917885444,0.5811407215897633,0.17903610793622635,0.6989104737427707,0.20150717081390854
0.37293954323620104,0.14577416574020652,0.2483365607142171,0.24750465270127187,0.3603909046749608,0.18306593456062326,0.4858216932863541,0.2945672022273637,0.7155698982328109,0.20805928557032535
0.5160623156179294,0.246460877529748,0.21700943785672255,0.13994041541886565,0.30650212672797816,0.13866722672096546,0.5315618725323149,0.15298542892085998,0.7229964429991327,0.22045963143395497
0.7201415531092841,0.23306377566904807,0.661579878807045,0.2340113716134908,0.71736342855546,0.2651589906934568,0.3333864041817566,0.21867516420581545,0.3043716651593097,0.17607796492424774
0.20478454591878623,0.10241456468186738,0.4360409596112167,0.2678711263078273,0.591698383665517,0.22723864275978964,0.48667436120823443,0.17013157302216014,0.5497854240895257,0.17061637448701145
0.32387920924894853,0.18208400203229147,0.6998526374613124,0.10643581680388564,0.7075066894999493,0.11407806655746532,0.7446639776168418,0.2069435840381498,0.22027402592891596,0.20614291777605498
0.33848634878593864,0.17284429010650987,0.3311690802197138,0.13925656402464043,0.7356513979218167,0.16424428870978727,0.4625254015481271,0.1988138729637159,0.3113784400735403,0.24884386078213677
0.6845881752660908,0.2107217886528105,0.7792874495545628,0.27140467283488307,0.34338363741070765,0.24712614407143021,0.6190749773536119,0.15623926198039664,0.6517818717246251,0.14875487164644943
0.5346052053177346,0.15328820962781475,0.33255994686672874,0.14273909690617229,0.3703371339706928,0.2478706817730413,0.4196322097823673,0.22833707105788295,0.371827216490217,0.2379191153581658
0.6792795889808366,0.29727837131578133,0.7962045325864517,0.26428135514342677,0.7531684821660274,0.25677224406912724,0.7823676134996229,0.19551120307744319,0.683894978487966,0.23211756845104092
0.3311864705608841,0.16624363680919527,0.23706958504565778,0.11822391507197128,0.7851979720232891,0.1272400328495637,0.6199383043433806,0.24594985429225738,0.7093974745548226,0.2984440668964701
0.483281075308589,0.272155414939781,0.4502297885625069,0.26288823841421094,0.37463051107944867,0.25990837366821096,0.31352478899962916,0.1416554920529423,0.6024879005977308,0.1868701091632553
0.6447549235520194,0.1326418234957631,0.5258894952915112,0.17695272429726042,0.6919856541839033,0.23505509431569993,0.5521957242494026,0.20237137479313821,0.24115395345183185,0.19283146494568487
0.6466668664473756,0.2155730764755291,0.46565656340661193,0.24123989157162307,0.4205705849596448,0.19915633244064684,0.5422785673385291,0.22174224555901165,0.5430552723501179,0.11923472532355978
0.7576720939873887,0.2725067920132377,0.35981667277884277,0.1400366133340643,0.2506022673046082,0.26768164194277067,0.4921136496676548,0.20300621262121496,0.5008286962672686,0.21416494036007236
0.6010841236884132,0.2639670032174032,0.4913844394989318,0.14244155014519183,0.7251355340914114,0.25487921208771847,0.6343947353622519,0.11930220938010977,0.3529064829263798,0.11307698170296238
0.7370688870225321,0.1930253493094822,0.41806935848490656,0.16837338493475945,0.6385852782868049,0.20765173424798516,0.7980543775511637,0.18767289503402962,0.6939755760063924,0.1427410479255764
0.6999759058107681,0.16679989261790767,0.56262220242564,0.15517201070498238,0.35220398183203794,0.12291009166662864,0.27166396753850114,0.1647853497143599,0.7275913136384611,0.28102454396030974
0.27992275961783364,0.1582526747750072,0.4283692822566757,0.21537011130528871,0.7422013970061503,0.28658960436268743,0.739773114784446,0.295530866029611,0.20523776839066238,0.23166180584717425
0.7594281313760238,0.15048587477056355,0.4577521793958868,0.291767339740139,0.20028497197412407,0.2450250959098889,0.34281070530845337,0.24341890730901314,0.5653242676874952,0.15882977280197802
0.576890672510177,0.2225656561436518,0.794232506355254,0.17279693121274511,0.5155496085288753,0.2926026841036094,0.3823607840469361,0.2805000906117665,0.7908747927340434,0.11356807428211926
0.2922240496957068,0.2169189400790711,0.4660049667808364,0.1858622234804725,0.40518761302095574,0.19153357227965156,0.2732974595950767,0.22064080083343113,0.745419615278601,0.2878518343355063
0.6015906661418251,0.10254198667032917,0.7748889054056256,0.21768513705806025,0.2609721257846003,0.17671721644671926,0.38332834146597794,0.14875498310311658,0.5099345366832968,0.14471561194399113
0.7600770816943454,0.1215272075635141,0.23330007390489735,0.2874877786347702,0.4047313372817488,0.17879357249457556,0.20796064501039283,0.23995298014157157,0.37887635126333563,0.1019917825055508
0.28558111847021017,0.2921460907237524,0.3476052550992872,0.2851040681587539,0.6292891126410751,0.24756355436178665,0.4549869653069065,0.25705176680384595,0.29386308358413077,0.23474763932419238
0.28750530494351173,0.23907826958513614,0.49534549740970557,0.1875120376400235,0.7359966735785912,0.14156879744930922,0.5613246437107637,0.25273068071357846,0.49433426761913296,0.29796197214454184
0.731947230573001,0.29055635401953134,0.20030904302495803,0.17831517626339893,0.6388418888877418,0.24853660139327904,0.7641399351437603,0.10925323026924286,0.773269723295736,0.1365006095786377
0.6304600271422032,0.1353919637953815,0.3639151325074237,0.22543968667090422,0.4746014082570717,0.170941022420222,0.38738631199489504,0.1308798883677625,0.5478353896344508,0.1424125340123241
0.7319544874759121,0.1661507644956322,0.34802162527067243,0.2553969033172493,0.33608648289740434,0.19171298212136223,0.4473487307798032,0.15759889602881036,0.35117943028615206,0.23078552933385899
0.48363754146064714,0.1472854708592999,0.4189585584124741,0.14069320135906896,0.506635573885113,0.28043949358281123,0.7133300737430459,0.1820827045218205,0.7237332125469718,0.17788597301222794
0.4495852325685221,0.16506143426607203,0.6831308267223652,0.10408373246035413,0.21253084121967228,0.16685367621538139,0.3638408143543459,0.29615399133583886,0.3550722756372052,0.2794285649405349
0.4693364561728226,0.17080853606669946,0.49576532422784453,0.28830937547782354,0.5855258552686813,0.1254002932541733,0.49681354138643835,0.1201661861816127,0.345557958445851,0.13797517739332238
0.6627533033582262,0.29114724927726043,0.6876644073212445,0.17438248002722945,0.5143775902961871,0.131960034011321,0.600618080485686,0.2188275224979361,0.6168664938027173,0.22658056148901576
0.6592509251241179,0.22298894595039198,0.2781783536793906,0.26233447087857814,0.5366821634100061,0.1288222292736323,0.41349588865370934,0.162931536076911,0.21577518866068304,0.2922063636495599
0.6206558500538157,0.154213142020548,0.6524056905549881,0.18444403905250722,0.35705220677229954,0.1929565208231667,0.7139050079561611,0.11543910973003019,0.7939336435170337,0.1353700116678478
0.22695224287772153,0.26808762291116306,0.7970020476240003,0.2657470872440721,0.6822803686408785,0.24984921009796393,0.4701188245856322,0.2313777620910275,0.3279019265736768,0.24014354000333382
0.29177485466991937,0.13788694565523327,0.5309692417162436,0.1900036283405293,0.4034375328919395,0.24858394845539583,0.36583687804954373,0.29694285132525555,0.27741917315261394,0.18617458066133674
0.5645444333709382,0.14440578976615276,0.7954646927911027,0.15596717142053212,0.345818088249749,0.20914101611961056,0.6322825956004183,0.21302145879566986,0.2941343016349603,0.21227103672438694
0.7145065975937734,0.28671268947368694,0.5208730803634416,0.2478750870957713,0.35171954125035687,0.2568144264098734,0.7926428101006622,0.12473449725878372,0.5782444327388381,0.24645529471175776
0.7267682387107699,0.16007170704246282,0.5584849230259896,0.1033772630554168,0.2772622392494221,0.15864381768830566,0.30107947468687746,0.2406289251787946,0.3210988292817779,0.21035010071300583
0.3488054387992149,0.23855297729282107,0.657160631360366,0.1712334126702038,0.23638662492181495,0.15801698137901282,0.4904010954656417,0.17001537212999113,0.2352393001278762,0.2380717637221075
0.7926808693013774,0.2657167425535868,0.681975065994763,0.12421919264694235,0.5673504538970866,0.14928326608734782,0.691280737357207,0.19552006408390485,0.47883396018977176,0.14218662300667567
0.41055376460353155,0.17325191828996006,0.3420950143333533,0.10026928707028496,0.4411914128745804,0.1781645996297724,0.5533129806922319,0.1783590722646675,0.6118523529798346,0.24172960460276788
0.682741227096896,0.10951027060774073,0.28446667965179867,0.11026395244771675,0.4525415226648084,0.15809363192987783,0.49614538993784846,0.21191315939000638,0.7292400678442879,0.1469792180284653
0.7808486996407058,0.1859506440272711,0.5013013520281377,0.1297657671733312,0.6279886490637272,0.19685229084463562,0.711449691482867,0.2840314828305207,0.6563765083104314,0.17092320486706597
0.5809862505450583,0.23492735621008767,0.7767236679471381,0.25624992151460885,0.40635783409469944,0.12847013105958655,0.6076399879504667,0.2086835435999854,0.2221183259027889,0.2257958576268772
0.6683927043548774,0.2887822475272254,0.5468273079320172,0.27442938737603984,0.3359226204608242,0.22028446755212894,0.29372038930400424,0.19641158182133717,0.6366064350738567,0.14024003862974224
0.48954168926175773,0.19259583186619544,0.48788378811358574,0.10162114530498534,0.23139269002340013,0.11791479059411059,0.23750614878542958,0.24188978066348854,0.7240425676459177,0.1473919655643386
0.22687159101041413,0.13652289961585418,0.39187589129132383,0.29762985432655475,0.5314982779012705,0.1991798234426333,0.6165501596872895,0.20400389999052831,0.7163270354177431,0.10394892363381827
0.3363066178507906,0.13361005984327376,0.25441546584364283,0.17488555790592075,0.7364939436955162,0.28717316126079917,0.7444897725852551,0.16218892170543234,0.44651735396020353,0.1977473983413761
0.34251600501447976,0.19052850741205785,0.30873196546615966,0.17184901722047505,0.775321935387651,0.164157256730421,0.7694400394657788,0.1951894186059746,0.534165922439316,0.20789327101531196
0.783807642181807,0.2365294207575852,0.5453829460407023,0.23241098106961813,0.5322769607060599,0.260344217901221,0.2240849816661168,0.16758635998975982,0.47977491618901075,0.2693550203877578
0.5409800847975446,0.1748284747472745,0.3706168752639999,0.2119302528911735,0.3444811813034376,0.11677295855146348,0.6998362325367042,0.19505050213722083,0.6153948811359933,0.25426149112797436
0.5457161940329025,0.1869340544754939,0.26358332688746827,0.2566324844945711,0.6770626808421634,0.2708354584090495,0.7265325178739466,0.25488259031117444,0.635557612313508,0.16161174645110948
0.4527202908894767,0.17425729007384366,0.7788502752396502,0.12518457088102458,0.37840779368436744,0.24694588518506214,0.2899089445707484,0.2039065115228631,0.3670904437351935,0.1447443779481053
0.3472273686527597,0.18747790446536705,0.5168302020598001,0.13831736165470665,0.7424333930053937,0.10728573343380439,0.3900523611604366,0.19836369278306007,0.5496122526291276,0.24332057415104894
0.5397867264259764,0.1994555983337601,0.6886622136748575,0.1091500037277685,0.6922321003789964,0.25681816373588606,0.6457264158398148,0.2849242404846023,0.2981349955039461,0.2986646480802264
0.7812704789479001,0.16801632398581334,0.49092814381369027,0.16144596330513486,0.45953197829880127,0.1266077637507741,0.3979439372359129,0.1556545780966977,0.2549492585687158,0.17123702016779163
0.7607172921684904,0.28966378755611066,0.29553486595217515,0.23784654291167287,0.2436373666021475,0.19030078158370298,0.3268699986849789,0.15857914246918106,0.42279607321274987,0.11162102378666452
0.7758459826309851,0.23945956947775046,0.6705119567307278,0.2588579408316616,0.3764098839691399,0.2932952994179483,0.24837960685795496,0.2352746844947264,0.7352452162808145,0.1820424476217506
0.7735769563443278,0.23216934149517823,0.5800043760167567,0.26526582284587763,0.35343177089128586,0.26130641840809576,0.6988165655497749,0.29986140951308904,0.7832712379854241,0.2662033286062975
0.7800321464075803,0.1578565835888686,0.7410514135174775,0.12236889247027982,0.3065013148744117,0.2125863654711857,0.6110385055729609,0.27883132264671984,0.616450709986051,0.29727863852019953
0.5621845254488662,0.17591554888928354,0.30204376588730425,0.15858985779682877,0.2245134295460376,0.28582963972460734,0.3611692971879127,0.241859793367105,0.4907408514716626,0.181734771393347
0.6780270212961517,0.23233297808165207,0.6166814421343227,0.10513874748744292,0.4288205818291926,0.13653803601378361,0.3039068321413598,0.2372121396048516,0.5667137138767564,0.2735461503848696
0.649569734285419,0.11622346752621718,0.7218958601463741,0.2971456873616187,0.2980003945519213,0.22491999409129154,0.38131009944373584,0.2074375343895234,0.5160999072705543,0.17029951062391396
0.5634335625714507,0.25171938783879855,0.7421396362283259,0.19439922342473714,0.6029367656224732,0.2582943345666914,0.7797796566004918,0.27832164035661056,0.749101149130442,0.11474155362929479
0.44157190405188784,0.18143191001844644,0.3848736134623473,0.22944069267442105,0.7001154320888325,0.1966645522331914,0.4683564421850827,0.16413997420311677,0.24191921682139636,0.17600264178357355
0.488026183111025,0.255286449716726,0.27703311933789365,0.19439321593237088,0.3380206488626818,0.2893982309816789,0.7590383655093094,0.24920016444527873,0.5268220704231246,0.1704081092959618
0.566757748821408,0.1255747847522261,0.6512629619857642,0.1286426207394081,0.7712878729475254,0.10527909036086365,0.5795716576600156,0.1890748632866746,0.46482221235625865,0.18450194187230817
0.27834541052513456,0.17868111147034643,0.2482734555323451,0.19172263149135865,0.39047210749915506,0.16015725086922197,0.431746559191684,0.18995671808294717,0.6953120428165371,0.10585770496188228
0.2908515699252618,0.1370539433163828,0.5199588579533638,0.18950471290714704,0.25661478287383044,0.235596792834546,0.23468892151999704,0.17353152610775474,0.31922394942242205,0.18199740068368822
0.24169295595725498,0.13640398219078836,0.5565518065299848,0.1287586428432533,0.4490301295030892,0.16088386973444443,0.6358540037019285,0.17670816475842477,0.3221476812889179,0.20376346578697274
0.5411855706930648,0.20886594303783243,0.4617513735576474,0.2752382992477813,0.3749593494078319,0.23669756100768866,0.4935804961540215,0.11055039858379474,0.570824796161906,0.16201967778527765
0.43006734215915815,0.16220502876815807,0.20866001495151887,0.27543205410578453,0.48662041385654065,0.2968965504103998,0.7989695255581308,0.208450148125169,0.30524629343087484,0.2629563697656889
0.35343815289133895,0.19983779753751785,0.6239507716776607,0.23669770362970113,0.6088225038725728,0.263515222601875,0.6347455956253765,0.26829837462454503,0.36991545936429737,0.2820298553125799
0.3306450503422425,0.26070815088800237,0.5509280074225923,0.21855637886992663,0.48007592663686643,0.10247943088462047,0.5435292228744666,0.14526082472376206,0.777248281661455,0.29614739337524854
0.7163600336712765,0.12093230132652524,0.47567872214997614,0.11324368232246987,0.3925107342725425,0.20440486048078593,0.6768486936392522,0.21924818259094303,0.5921512463108334,0.1367515345953556
0.7608982200480519,0.28473995623228987,0.3005857545454282,0.2987549059477217,0.3513321723474807,0.29429471762173304,0.4562798838556992,0.12783999029722987,0.46672162618800406,0.16831615977907471
0.3294504620019648,0.24860675922791214,0.5391428140039285,0.2928453541205106,0.5816654994286724,0.21535302339179685,0.42396041472705953,0.1353622741954693,0.2337429709545743,0.21029502666037908
0.2828434157135545,0.15906708824425733,0.5710421748690113,0.1693414422989053,0.2114172470967135,0.29521942319851435,0.30033391436081913,0.22145569126527564,0.37873400714398286,0.17181686966857979
0.30138501367620424,0.1527448442113077,0.753357924953086,0.19636828064375111,0.44252876888241655,0.18897880606560402,0.49786564591201016,0.17448816789998228,0.2682265235388606,0.1689086951784714
0.3085206953037027,0.13308027517312523,0.5173389607973872,0.12363314274824062,0.22217371586941354,0.13091810823355862,0.7206999406054277,0.2862414605633075,0.6922111133900073,0.242251768627807
0.7739884521910825,0.1881810377977446,0.7826287675128112,0.2012546178033745,0.5325210035198155,0.25129988753443533,0.4208314466666021,0.2547537163869955,0.266613013981086,0.192162715626175
0.5403430841130034,0.2793668477331277,0.719219799917675,0.22266729763997528,0.5566733218354591,0.19825632721272912,0.5516357851767805,0.16265582247913296,0.4755858577537934,0.28480501264027647
0.6499367969598266,0.28532922396517013,0.654651642436645,0.12324491930585113,0.5891212143688964,0.10757167695691744,0.39975429627097053,0.2480110074038971,0.567210303595175,0.15976107712754745
0.2784146966400125,0.22676059445785343,0.5086216618992109,0.15223854523722244,0.46294658549125733,0.2131582263499868,0.5798328662247201,0.19191130421640384,0.2073214637207672,0.2679457575052947
0.5767051733736681,0.28773409600215816,0.4027396908044616,0.15725802237863623,0.4285877041902456,0.15712831276124414,0.630951730084709,0.13852108051606193,0.7911498835481436,0.18382416040757338
0.5338916718458483,0.10742846597796399,0.26747298204533676,0.14516300415216438,0.5270353535681565,0.23013156984734653,0.6282299875570374,0.2997582784190033,0.7807012654986163,0.2663130262481631
0.26547596529107065,0.10784101196056169,0.6553066294997205,0.21029431631684276,0.78738926687743,0.29439707045374097,0.3234035191213677,0.2893291752947711,0.5772037170075632,0.22028034940792424
0.25690562998029876,0.21875938176298265,0.2343300477162107,0.20970788173112084,0.6559497795943954,0.23819080615295207,0.3674598832736873,0.23411942324187157,0.5863017068361052,0.23656270887636732
0.5826137089915132,0.1782546989823064,0.21308727085307386,0.24419201077606056,0.2216898231706992,0.12627750488938239,0.3531584980530197,0.15764792147952172,0.7336463883069446,0.12843074412498137
0.5776987521731171,0.15877434453631128,0.3440880642014662,0.15412429102345254,0.3961841568005253,0.2972379450407002,0.3669943023828175,0.2166733660589451,0.38414911577211175,0.18595906386826444
0.7299554169604396,0.14771542580009153,0.30457897617039426,0.14684559492868623,0.27184181243502276,0.16942771301862622,0.24732492089246677,0.11769053276291684,0.2581852316918944,0.22527864381102827
0.5222875739235375,0.18388667335935222,0.48671934687320834,0.22466118104401697,0.25821127425381174,0.24743934521067606,0.2381424183039787,0.15420366742674183,0.5968437311968702,0.12998218467960881
0.6498907729035921,0.22263295795789337,0.7834010415333383,0.24022117032044726,0.46656027371485914,0.2977767873177851,0.5842121979291797,0.14783154486102562,0.729263378830268,0.10597812254422666
0.6571293319087884,0.17939653330813596,0.5541918930352043,0.20249750742760908,0.3511813799438533,0.26841990664150667,0.29777193219097425,0.16271576366066626,0.7355914742877196,0.13461954981453
0.7982276134441655,0.19693884886707935,0.5412678259117173,0.1237282314851143,0.4224691149349261,0.20551533839365177,0.29198158330703483,0.21755410010302653,0.7219811491817236,0.18530641931378067
0.6151615461972062,0.13444282036039756,0.5577917322263926,0.16369895537363213,0.7114242364138332,0.17851458937975456,0.7995064864072188,0.198935868476193,0.7747621646557088,0.11016759202688481
0.7334037248541352,0.25084381611787887,0.4831047825290648,0.2733351309695322,0.23474174465385364,0.20092158548844719,0.5585884347299803,0.19801248305759417,0.41511884562903645,0.12103145354133316
0.6965996761487475,0.16957780915783568,0.30198955770415176,0.22263523908818025,0.6582925195786067,0.2914944797485278,0.3818223906075028,0.22191628733330004,0.7293959651554396,0.21020395279405302
0.3047322793719772,0.2987316221503572,0.28559927882889674,0.2355219777733887,0.4523573401479059,0.2412743777973925,0.38180102372307434,0.1709541410739449,0.7176590849548701,0.21066472248553664
0.718068980597812,0.13947431413897454,0.2579929159765002,0.14887064467690955,0.2046461675400286,0.27765887090927577,0.5536203487492349,0.2711603533747464,0.5316483411768264,0.2648845286965904
0.3347221492248298,0.2643310418940322,0.4568676125526563,0.23119296137557505,0.4693260230737076,0.182185408821942,0.3259003611654304,0.26213451363525436,0.3738845161000547,0.2994471269360187
0.7083827399285054,0.10274278371963388,0.6653776984540423,0.1454127526739827,0.374156592974918,0.1656930681119026,0.38063271194126824,0.1600245620532345,0.4603617731931974,0.12041009031590476
0.38018156254120017,0.1460129220856961,0.6764505784038504,0.2805394852435229,0.21354221837187284,0.2912715640561415,0.29662820017737224,0.11026228353784531,0.25577253079632006,0.23330089050918437
0.7808707274959312,0.2499642900111623,0.44131637572845744,0.13141602004576816,0.7074614740364216,0.2451036130948385,0.3152310162124907,0.1443825595217039,0.7762241677756423,0.2818056835589563
0.6843010245299681,0.1059694460486954,0.7412603610079029,0.1891142565147865,0.6530058464326152,0.27416700928643195,0.618948711409234,0.27090654229051225,0.4379091656724272,0.2612682387614924
0.7504013946637031,0.18322456505669066,0.6203301671621263,0.23120352012357698,0.6212559269446665,0.16185826912385834,0.5461096233552776,0.2859187525014768,0.35292122132925685,0.1017576299196187
0.366160488331565,0.11216005016757016,0.5348653390883321,0.12607674337850164,0.4183934760686774,0.18675771976810823,0.29867641010479024,0.23004621568545555,0.27061114804060604,0.17742760444985528
0.45814884482833773,0.1322545884640592,0.5066872549141188,0.17621333212446835,0.4399191190084725,0.26999516828127157,0.509402550302336,0.25748333288484804,0.363602754809146,0.2897840378870723
0.24544980142858916,0.12604468499332647,0.5842528017578497,0.18179388523598414,0.7544648614034735,0.22178528862642838,0.2997265514752916,0.2629934853995655,0.23919053517256245,0.22333730436081745
0.7479559356111889,0.1408367065306993,0.5316014117881538,0.10075220585459395,0.23206555393234438,0.16078635047441597,0.2897214414984149,0.20082850808634775,0.4634888232921391,0.23667440016083546
0.5210921798887702,0.24313158024356082,0.5438474894702628,0.26039104940145597,0.5842096650080908,0.2739744675131355,0.5917174460983491,0.24395500726671915,0.5247454157209102,0.16379007180803723
0.5090750470749013,0.24447719945369997,0.5797602836873305,0.2582489586760467,0.4189625726748383,0.2940507792538025,0.6520447754144689,0.2742482272015414,0.3338865423344458,0.11624640302980493
0.27486205781979806,0.1687835013825085,0.4711563279101894,0.2839330130198033,0.6643220486778166,0.21936432316759497,0.36054016374292996,0.10914637163898173,0.38760318034735963,0.12841531370905263
0.4042392265920669,0.22801099313713344,0.5473679889308181,0.13270338170656967,0.6011123589118216,0.2668220145395155,0.3202703604986252,0.2898718365178401,0.2549440470537494,0.24459033408147152
0.5589235494605462,0.24709780472113269,0.4203956879069064,0.1110487177365681,0.30010050867895055,0.21578264151130072,0.5361915424825083,0.2775736751961007,0.6532181557737575,0.2960920204785097
0.7684230082546826,0.12410459561947913,0.6829759002423565,0.1288871807821093,0.5549262516554417,0.15448881052076774,0.23070573443308914,0.16188093193267156,0.49350201885485295,0.24166133697781736
0.4733783893638814,0.2475815122684386,0.7975686475702974,0.1324920616444654,0.42483371435588807,0.27474660404661255,0.2858384688538137,0.19154075875368548,0.4160644889819702,0.12574238609098679
0.7543051829454825,0.21284726657407635,0.7680564573512336,0.27450049501630747,0.4037902486841165,0.27941908221403966,0.5179933797624535,0.17640963122978703,0.568675905352768,0.14733050527866604
0.48547374681543104,0.1671401983169009,0.43599023220820277,0.1888653211034727,0.3631374620708677,0.11382234981732849,0.5881658714851836,0.11479716412622726,0.5055806844343047,0.12865475467780646
0.3534483759081488,0.11096929395549684,0.3377158197778496,0.25176507020803096,0.5306616409001811,0.17138141618501934,0.48772474341315153,0.12852263311467535,0.41449341139627216,0.19845188616945839
0.5412290041481692,0.24739273886927585,0.7421647475560071,0.1372571489977327,0.6412122014965389,0.277138660104126,0.4646294531257277,0.2656051865173802,0.3608301915144928,0.1280587238848508
0.6619016971786473,0.26064888466382885,0.3183486212266918,0.22183708136773284,0.57985254531866,0.19239903795616198,0.7212405440000511,0.25785397795223663,0.6478015978273735,0.2388586442769908
0.2483392809444262,0.10919258365362297,0.629986138016229,0.18688592606083762,0.46078426646856485,0.25374745141580196,0.7942450302821089,0.2867926888307022,0.5846612648196894,0.10412220203561817
0.25823138154106573,0.19580175116667858,0.5688825603117752,0.2814942857169147,0.603624487645896,0.19593527070520753,0.7428367336266344,0.23551364526042484,0.7254610852081969,0.19268069426365783
0.6578235609224986,0.20943241558795497,0.4270003925506972,0.22774687762688461,0.34604135805766845,0.12201957169545677,0.47102746967285275,0.29474823983598003,0.7049659183012149,0.27190356683267847
0.2849907134942171,0.10428666490330628,0.4195874364528266,0.17703292474359594,0.26682706746219453,0.22942367330414973,0.6294143584877284,0.13573043494424802,0.5589876831715269,0.12232990760298142
0.41237960648314076,0.15760681954112518,0.6349392833612357,0.1644489559902888,0.6536924078780753,0.2445689347308122,0.5650441700047042,0.2165377981036441,0.20427804141340544,0.2833418851757924
0.4055092903138631,0.2340918561809529,0.44152223193914647,0.168922032955992,0.7260800113402206,0.19862924864776904,0.7197762548798836,0.28954899557016944,0.25686081480632106,0.22266510981638005
0.46709084352837976,0.27727476982046345,0.20920892162114157,0.10906106251635153,0.34280788479462876,0.16596387361384207,0.5218248473456151,0.27100981886155506,0.7751938932521012,0.29907226809904824
0.5031249399201421,0.2845835587752994,0.28810795693289326,0.15390063824302538,0.2535962859645824,0.12876705488865572,0.794854261739737,0.23768519671517735,0.6822183970385928,0.2861719187782602
0.46624908531548226,0.2984465721191209,0.7554399343253762,0.16383438694922764,0.49647071242735896,0.10931201599429517,0.3949883986519497,0.14436105245668157,0.5249424873476807,0.20503125814964596
0.6398087858721904,0.10050543793014838,0.24089790078639003,0.2366405526260877,0.5342645047262229,0.24165845730547175,0.7776797112261742,0.16871219168616158,0.6043587096473383,0.14324462810648184
0.3494133696765793,0.27676997750175103,0.6480867233887477,0.1870012733510989,0.6210089194347165,0.2767087103808461,0.24475856272750807,0.2818211905732332,0.4667464542105553,0.12405656208577667
0.43273211514919885,0.13329575817954112,0.44498687233744405,0.1352566070926337,0.7832431540685425,0.1712353517656132,0.5497895547147735,0.12136150927691003,0.44777826517366126,0.11014397792312328
0.29973536630761843,0.2721689396344707,0.5094576190791511,0.17781159029229637,0.5099373650096415,0.27118233687702675,0.759551152678396,0.19140275148322106,0.47759611768466564,0.11001697443124499
0.3532199644959023,0.2740853492940686,0.7338912258789139,0.28794430703506363,0.7900542354072209,0.13057594940908626,0.6770019044850855,0.27312671817168666,0.3768856571419122,0.12270044520041318
0.3896928927626405,0.29819617601631343,0.38354694486877006,0.18569943378011883,0.4551332613879554,0.2051817794445986,0.42150609432564257,0.1381088132681212,0.25764970886090544,0.2201938393063338
0.36174917831011233,0.11887492586397985,0.2227727356017341,0.12393145831186597,0.41599138001703334,0.20227468816376168,0.6752507821824537,0.2175782492958782,0.645245289587327,0.17303456550888968
0.49745047787642055,0.12795882198319122,0.5155186187624794,0.2105572715325995,0.4430397194381951,0.1284910636720703,0.2762758618924248,0.11521022416431558,0.6602258068146958,0.28438600170510187
0.6452185351728592,0.2422121596109153,0.2039440327966686,0.16108064521595036,0.7829924720729131,0.2853186585236068,0.6304134649362413,0.18153552212035,0.2762657151489461,0.12318479438530637
0.30920371032825583,0.26214453474594934,0.3715896897812482,0.13321544542683159,0.5247929701320981,0.15341756049268174,0.760827406061013,0.19087959283283373,0.4975220627381708,0.2940083535290223
0.4274959578079,0.1855403535332168,0.5282924134407485,0.13568898288745526,0.29716748337050636,0.20918991299239198,0.49587935386076165,0.2538272533607577,0.7024546440607329,0.16140231783053227
0.5049012341841874,0.1985550258448123,0.6321945094718815,0.15093212679641688,0.6638199794496826,0.13106503274272746,0.7293222015344318,0.14973370256515045,0.5179968579089707,0.26882052807730333
0.713330310664777,0.2706138786827186,0.6956501068601528,0.14121229104279734,0.2742748163788656,0.20614610855785387,0.3708243104120671,0.21224984894423926,0.679076628814347,0.29193735624769596
0.6092730095608347,0.15644091700510931,0.6389597428410009,0.25976494619344936,0.6073683543036907,0.2693525076563711,0.49680501458242604,0.16505571456069543,0.6776629905347429,0.1220497079801865
0.6498162702595285,0.14341967862479194,0.7768780133322879,0.10971813837973313,0.7706778652802313,0.29541483778970234,0.3567710761884591,0.19384011816846908,0.41648455970658915,0.11294339585528222
0.6803203568808869,0.1580765688802046,0.424515125719417,0.13603517448184219,0.6554558910110491,0.13502411373685597,0.7494197053793781,0.15762134679296275,0.2323407608603553,0.2326299761789046
0.6280093367299224,0.19607619924806896,0.6216781705002743,0.25164826046550404,0.6931371301007792,0.228181562663634,0.5397984003391827,0.13906634175444738,0.23030807883430193,0.12909099549566505
0.5381963815733988,0.1381136834672323,0.5171627072907354,0.1907647393274574,0.45503596855393025,0.2867834123585138,0.68813133858977,0.22808537279502536,0.5695165176692656,0.1429308817725252
0.7111972791847223,0.29553149952653124,0.32650231227017457,0.24189280308029795,0.2843753280514888,0.12180216437441507,0.5054151928070056,0.20320334618236763,0.3284039112170508,0.10384932503942174
0.2880948053240625,0.2538782229578912,0.22545783127684393,0.25262907558695274,0.3992333630322058,0.21949488903164302,0.7890906050746891,0.2742701805403611,0.5647223245015505,0.24944360329828266
0.7029918128508454,0.22397487844311464,0.6931954561494298,0.24705658676061304,0.5489577175516369,0.2999187814938453,0.33268440592399695,0.15803155208781566,0.6574602072275337,0.19602759585194848
0.6312591482715091,0.19459599386299525,0.7606754911638054,0.24776291460510408,0.725085215559566,0.26842797228583154,0.2345044558551258,0.12563502959109915,0.6441773451252739,0.17070449237249735
0.2709907664461081,0.1886502009616011,0.5309479774380634,0.13475648603213838,0.7714291229109254,0.28843355268307463,0.29925870407995214,0.2237174984747723,0.2962001304023692,0.22032688452144594
0.2217235333686746,0.2082089180596443,0.39158277941319863,0.11829591998761818,0.46884812922880054,0.11519100210232538,0.6369799879362551,0.14047813606253107,0.20079144556754067,0.28266541394974015
0.4144697501307675,0.1934914039586546,0.5838695020816825,0.1939739744633679,0.2002242853944429,0.16974136991079333,0.4479874480851376,0.23061722441418314,0.693885188331824,0.21762953634339255
0.2547065644372012,0.13059103877400108,0.6519025750574357,0.16506244282804866,0.26262589608633463,0.17717122839529006,0.751883395789902,0.16978194194959562,0.4301315929350025,0.14221806921246166
0.6927803948707082,0.1262868389080871,0.6003520935037522,0.2882993925575813,0.3623461295724815,0.1966434898275164,0.30257689091429363,0.22455567679775632,0.2812497557353324,0.10438202721044042
0.7662665169959035,0.20112619191498016,0.7876339263916832,0.14783059767995482,0.36468480254556757,0.2219153562182804,0.2191646289834657,0.2466169095175096,0.7196737658803756,0.18525590296577532
0.2445188743155276,0.23875754805648863,0.42975824859529205,0.21481660949460799,0.5254654484097704,0.22415673562249205,0.5839256906800703,0.21739304203689647,0.4640097068433134,0.14180884574399025
0.40180888357430344,0.19439673153859027,0.6865669107468833,0.16256189052515127,0.46727760072342184,0.22022416686195867,0.5775494235041769,0.2670288651703224,0.6101369494938067,0.29577111788167953
0.5704255344485675,0.1315711550259573,0.3736141527443586,0.19805531493012324,0.39520717537543487,0.22864123013695817,0.32914532648351635,0.18470942625435094,0.36205125905589375,0.10118031535922843
0.7471785683143797,0.11719460576453884,0.36819915748190213,0.15250502840772798,0.3528225629661185,0.1971183780809901,0.6978679052860393,0.13846436970868742,0.3745026724817153,0.17825871989039416
0.7457484259938554,0.23279908993390094,0.45772127538716717,0.2549245292008779,0.593541753195681,0.16535845294649015,0.6215761991774036,0.1939853002451929,0.6050966707017,0.10335353212424087
0.5486842817248657,0.2672159705016641,0.43514990056616504,0.15272782413157832,0.37939152719946145,0.25303689189211387,0.7377684072015163,0.2921011746959862,0.7220095202026366,0.26857697448166507
0.644709491360127,0.21958879593633202,0.30253403222465236,0.22329027301729465,0.4571778498469756,0.12468183368937602,0.4398716753757801,0.17213537033472304,0.4041303699563921,0.1842049670254592
0.3349300012791142,0.2048706498330936,0.2644316929477982,0.15278771105985123,0.4665526241136058,0.19129579344986164,0.7991402489093191,0.20343461784190697,0.7102337013113442,0.24312097557998505
0.4050880351693016,0.2849052066769846,0.3541396115686341,0.17095345357485195,0.5882255245088541,0.21779061224123897,0.4765294401324612,0.14790283233842255,0.7963122985160331,0.1451302988633178
0.46360025626925044,0.2686625041011073,0.5435025784048101,0.26092767446246723,0.7840384360387112,0.14905314480039528,0.6640309917331133,0.15673245780947492,0.2541411217352014,0.29412388051638644
0.715070005633812,0.21270704219695222,0.7090714576613939,0.11267548708135407,0.6556128581186473,0.1383890178146132,0.4640741158860335,0.25284430366392885,0.5848899099801148,0.2661916007689601
0.42357133651446444,0.2421352922435324,0.36470552323743716,0.11115053862897702,0.7535643604386897,0.27077942189550197,0.2605542500947518,0.2521328447534591,0.5983854109434523,0.26390784364930353
0.31823658204292526,0.29255785417526836,0.40551360905520284,0.22231567912239453,0.681466061573871,0.20263681781388987,0.42901001799952826,0.16943431743837162,0.37738344052933637,0.23521467027933435
0.577050950199265,0.2674797755374293,0.6229005350903847,0.23252214087415318,0.7296638824502588,0.22185619853353766,0.4189064363074263,0.11323630568215876,0.21379821140403354,0.2375557818803316
0.6054019529152299,0.10219847419120714,0.5616099526911913,0.19255805083772126,0.5319563071471807,0.2658063779366633,0.5970301324347348,0.2052189507810954,0.7393644841083078,0.14156145773668122
0.3704119975066426,0.1343886661463962,0.5866067503986065,0.12359273849293628,0.625798993214703,0.1574710819461602,0.6813400144911939,0.2003723371714915,0.606215819487446,0.17654716230460338
0.4544947118171771,0.1363167855001677,0.5938518106349133,0.15348560880206574,0.7176860237254101,0.2456541788065079,0.6366393691114396,0.20171032082130974,0.30229288347059835,0.19378058680012794
0.4556578466759965,0.1293331582242499,0.6357381876487789,0.22545577747084647,0.7339527165433639,0.2232389900879314,0.7717481320051529,0.2903216497640541,0.43350607061067115,0.22377015745446593
0.6056309493367152,0.20712887686373366,0.5362700756816383,0.2538162905754995,0.39445709498468856,0.2514712617525403,0.4923416641924927,0.27694888347528684,0.622751299571271,0.22277803825362563
0.7084227438510866,0.27653317492175516,0.4237732368772796,0.1484494591393835,0.4088980165674203,0.20415307215834066,0.5719497526493988,0.22787055936276548,0.5592017786097829,0.277992721330615
0.5021576133406869,0.12441032979883389,0.5130925255346861,0.15401413477652554,0.20447313017017277,0.24244567583302046,0.32875220293320173,0.2991896347332045,0.6301668654591879,0.20026962190442188
0.37298018216708395,0.15103946081845504,0.5138809437235683,0.28033968560018097,0.7208030878298588,0.24089879963101124,0.7358526848748004,0.2858778883240496,0.7553447019423378,0.18244323865072415
0.7541609428579568,0.28668885947513545,0.41224371549429817,0.11386072059261153,0.20212642447904552,0.1801823749697487,0.44250239036108274,0.1500945351390372,0.4205214077156911,0.23521366458763818
0.39460010392519923,0.2803900111057822,0.25015315083143497,0.2931423794509064,0.29744272635862207,0.19923960829616,0.23670348593655932,0.12775944537593187,0.7254039285092262,0.22699915973613566
0.4930477184233859,0.19965284718495302,0.6033476673522122,0.1694203673778089,0.40509060376481776,0.11084703878908442,0.2409905214839464,0.23883909424636776,0.5883735968414002,0.28587916272122454
0.7014945761797571,0.1580617188695771,0.4202016767600367,0.14408209996917568,0.3506335431412767,0.21935737787180518,0.2973979518212535,0.26166514494986814,0.6199059054841727,0.22453112747464904
0.7246800827285396,0.2333058112948707,0.45432545276868347,0.20202845144318815,0.31660482455018074,0.2058677220382854,0.5285670411015977,0.10656889591976822,0.7377843063158631,0.1083350166508451
0.30519429402480736,0.13753326632335233,0.5872996118692042,0.15116684209124437,0.4919367285996512,0.19781994893075744,0.7440757753651726,0.12165092858448429,0.5235409987048606,0.11650966778038403
0.7953581550443674,0.23741568828064835,0.47360444794745543,0.28850018765866947,0.4219330649025747,0.26320587371772797,0.29633606351939357,0.10923417884871714,0.7668913729943814,0.11004972572773197
